FAMILy,Species,en,DF,SVL
Allophrynidae,Allophryne_ruthveni,still,,20.6
Alsodidae,Alsodes_nodosus,,1140,75.85
Alytidae,Alytes_cisternasii,flowing,1491,41
Arthroleptidae,Cardioglossa_occidentalis,,4100,27.3
Arthroleptidae,Leptopelis_argenteus,still,,45
Arthroleptidae,Leptopelis_bocagii,still,600,52
Arthroleptidae,Leptopelis_concolor,,1750,34
Arthroleptidae,Leptopelis_kivuensis,still,,37
Batrachylidae,Batrachyla_antartandica,still,1951,36.7
Batrachylidae,Hylorina_sylvatica,still,1252,56
Bufonidae,Ansonia_hanitschi,flowing,5700,32
Bufonidae,Ansonia_leptopus,flowing,3933,40
Bufonidae,Ansonia_longidigita,flowing,3525,52
Bufonidae,Ansonia_longidigita,flowing,3502,52
Bufonidae,Ansonia_longidigita,flowing,3500,50
Bufonidae,Ansonia_platysoma,flowing,8000,25
Bufonidae,Atelopus_chiriquiensis,flowing,2025,34
Bufonidae,Atelopus_flavescens,flowing,2725,30
Bufonidae,Atelopus_franciscus,flowing,3320,21
Bufonidae,Atelopus_peruensis,flowing,1950,38.5
Bufonidae,Atelopus_pulcher,flowing,2429,29.3
Bufonidae,Atelopus_spumarius,flowing,3375,29
Bufonidae,Atelopus_varius,flowing,2350,41
Bufonidae,Atelopus_zeteki,flowing,1820,40
Bufonidae,Bufo_arenarum,still,1100,112
Bufonidae,Bufo_asper,flowing,1031,100
Bufonidae,Bufo_beebei,still,3150,51
Bufonidae,Bufo_brauni,flowing,1120,65
Bufonidae,Bufo_calamita,still,1477,71
Bufonidae,Bufo_castaneoticus,still,1650,37.7
Bufonidae,Bufo_coccifer,still,2512,62
Bufonidae,Bufo_cognatus,still,2307,103
Bufonidae,Bufo_empusus,still,1547,75
Bufonidae,Bufo_empusus,still,1549,76
Bufonidae,Bufo_granulosus,still,2906,70
Bufonidae,Bufo_gundlachi,still,2669,34
Bufonidae,Bufo_gutturalis,still,1150,90
Bufonidae,Bufo_houstonensis,still,2151,77
Bufonidae,Bufo_ibarrai,still,1700,82
Bufonidae,Bufo_juxtasper,flowing,718,138
Bufonidae,Bufo_longinasus,flowing,2329,29
Bufonidae,Bufo_luetkenii,still,1700,96
Bufonidae,Bufo_marmoreus,flowing,1825,83
Bufonidae,Bufo_melanochlorus,flowing,1700,65
Bufonidae,Bufo_nebulifer,still,1475,98
Bufonidae,Bufo_ocellatus,still,1378,53
Bufonidae,Bufo_pantherinus,still,2500,91
Bufonidae,Bufo_pardalis,still,650,110
Bufonidae,Bufo_quercicus,still,4750,32
Bufonidae,Bufo_raddei,still,1513,67
Bufonidae,Bufo_retiformis,still,3113,47
Bufonidae,Bufo_schneideri,still,700,180
Bufonidae,Bufo_siculus,still,1600,86.6
Bufonidae,Bufo_speciosus,still,2621,78
Bufonidae,Bufo_steindachneri,still,2142,48.3
Bufonidae,Bufo_taladai,flowing,768,138
Bufonidae,Bufo_terrestris,still,2000,82
Bufonidae,Bufo_valliceps,still,1480,77.8
Bufonidae,Dendrophryniscus_minutus,still,3900,17
Bufonidae,Pedostibes_tuberculosus,flowing,3782,38
Bufonidae,Pelophryne_misera,still,4000,21
Bufonidae,Schismaderma_carens,still,450,88
Calyptocephalellidae,Calyptocephallela_gayi,still,,120
Centrolenidae,Centrolene_buckleyi,flowing,2500,34.7
Centrolenidae,Centrolene_daidaleum,flowing,6120,24.1
Centrolenidae,Centrolene_geckoideum,flowing,3828,77
Centrolenidae,Centrolene_hesperium,flowing,3630,27.3
Centrolenidae,Centrolene_peristictum,flowing,6878,20.6
Centrolenidae,Centrolene_savagei,flowing,6214,24.1
Centrolenidae,Centrolene_venezuelense,flowing,4050,33.8
Centrolenidae,Cochranella_euknemos,flowing,4200,25
Centrolenidae,Cochranella_granulosa,flowing,4250,29
Centrolenidae,Cochranella_mache,flowing,5410,24
Centrolenidae,Espadarana_prosoblepon,flowing,5758,28
Centrolenidae,Hyalinobatrachium_carlesvilai,flowing,4838,23.6
Centrolenidae,Hyalinobatrachium_colymbiphyllum,flowing,4500,27
Centrolenidae,Hyalinobatrachium_crurifasciatum,flowing,4300,24
Centrolenidae,Hyalinobatrachium_eccentricum,flowing,4160,23
Centrolenidae,Hyalinobatrachium_fleischmanni,flowing,5395,25.5
Centrolenidae,Hyalinobatrachium_fragile,flowing,3846,24.5
Centrolenidae,Hyalinobatrachium_iaspidiense,flowing,4940,20.1
Centrolenidae,Hyalinobatrachium_ignioculus,flowing,4920,23
Centrolenidae,Hyalinobatrachium_mondolfii,flowing,5106,22.5
Centrolenidae,Hyalinobatrachium_orientale,flowing,4819,24.5
Centrolenidae,Hyalinobatrachium_orocostale,flowing,3435,25.5
Centrolenidae,Hyalinobatrachium_pallidum,flowing,3259,22.4
Centrolenidae,Hyalinobatrachium_pellucidum,flowing,5039,21.4
Centrolenidae,Hyalinobatrachium_taylori,flowing,4495,21.6
Centrolenidae,Hyalinobatrachium_valerioi,flowing,7250,24
Centrolenidae,Nymphargus_griffithsi,flowing,4107,24.2
Centrolenidae,Nymphargus_pluvialis,flowing,3941,26.5
Centrolenidae,Rulyrana_spiculata,flowing,4639,27.7
Centrolenidae,Teratohyla_midas,flowing,4680,26.8
Centrolenidae,Teratohyla_pulverata,flowing,5950,29
Centrolenidae,Teratohyla_spinosa,flowing,7000,20
Centrolenidae,Vitreorana_antisthenesi,flowing,5432,27
Centrolenidae,Vitreorana_eurygnatha,flowing,4850,22.5
Centrolenidae,Vitreorana_gorzulae,flowing,4787,22.5
Centrolenidae,Vitreorana_helenae,flowing,4495,20.4
Ceratophryidae,Ceratophrys_cornuta,still,2176,72
Ceratophryidae,Ceratophrys_cranwelli,still,1715,130
Ceratophryidae,Ceratophrys_ornata,still,2000,125.8
Ceratophryidae,Chacophrys_pierottii,still,4357,53.1
Cycloramphidae,Cycloramphus_boraceiensis,flowing,1950,
Cycloramphidae,Thoropa_miliaris,,600,71.5
Dicroglossidae,Euphlyctis_cyanophlyctis,still,1651,45
Dicroglossidae,Euphlyctis_ehrenbergii,still,937,66
Dicroglossidae,Fejervarya_limnocharis,still,2119,43
Dicroglossidae,Fejervarya_sakishimensis,still,1030,55.5
Dicroglossidae,Fejervarya_syhadrensis,still,3350,29.3
Dicroglossidae,Hoplobatrachus_occipitalis,still,1250,104
Dicroglossidae,Hoplobatrachus_tigerinus,still,520,120
Dicroglossidae,Limnonectes_arathooni,flowing,3380,42
Dicroglossidae,Limnonectes_blythii,flowing,428,105.4
Dicroglossidae,Limnonectes_gyldenstolpei,flowing,1085,53
Dicroglossidae,Limnonectes_microdiscus,flowing,875,48.6
Dicroglossidae,Paa_spinosa,flowing,834,101
Dicroglossidae,Sphaerotheca_breviceps,still,1950,48
Heleophrynidae,Hadromophryne_natalensis,flowing,1500,45
Heleophrynidae,Heleophryne_purcelli,flowing,2250,47
Heleophrynidae,Heleophryne_regis,flowing,1800,43
Hylidae,Agalychnis_annae,flowing,1165,73.9
Hylidae,Agalychnis_callidryas,still,2006,59
Hylidae,Agalychnis_litodryas,still,1664,72.2
Hylidae,Agalychnis_saltator,still,1800,54
Hylidae,Agalychnis_spurrelli,still,893,75.6
Hylidae,Aplastodiscus_albofrenatus,flowing,2500,40
Hylidae,Aplastodiscus_albosignatus,flowing,2630,52
Hylidae,Aplastodiscus_arildae,flowing,2847,41.6
Hylidae,Aplastodiscus_callipygius,flowing,1040,50.7
Hylidae,Argenteohyla_siemersi,still,1882,70
Hylidae,Bokermannohyla_circumdata,flowing,1460,70
Hylidae,Bokermannohyla_hylax,flowing,2000,61.5
Hylidae,Cyclorana_brevipes,still,1930,45
Hylidae,Cyclorana_cryptotis,still,1060,41
Hylidae,Cyclorana_cultripes,still,1879,52
Hylidae,Cyclorana_manya,still,2500,29.9
Hylidae,Dendropsophus_allenorum,still,3430,21.4
Hylidae,Dendropsophus_anceps,still,3244,40
Hylidae,Dendropsophus_berthalutzae,still,4041,21
Hylidae,Dendropsophus_bifurcus,still,2958,28
Hylidae,Dendropsophus_bipunctatus,still,5426,25
Hylidae,Dendropsophus_brevifrons,still,4254,22
Hylidae,Dendropsophus_carnifex,still,2490,27.7
Hylidae,Dendropsophus_ebraccatus,still,2577,27.8
Hylidae,Dendropsophus_elegans,still,3500,29.6
Hylidae,Dendropsophus_giesleri,still,3300,25
Hylidae,Dendropsophus_koechlini,still,4500,24
Hylidae,Dendropsophus_labialis,still,1750,43
Hylidae,Dendropsophus_leali,still,6200,23
Hylidae,Dendropsophus_leucophyllatus,still,2482,36
Hylidae,Dendropsophus_marmoratus,still,1514,44
Hylidae,Dendropsophus_microcephalus,still,6210,24.5
Hylidae,Dendropsophus_minusculus,still,9186,20.6
Hylidae,Dendropsophus_nanus,still,4200,22
Hylidae,Dendropsophus_rhodopeplus,still,5670,24.2
Hylidae,Dendropsophus_riveroi,still,5314,20
Hylidae,Dendropsophus_robertmertensi,still,5388,26.4
Hylidae,Dendropsophus_rubicundulus,still,3500,28.3
Hylidae,Dendropsophus_sanborni,still,5100,17
Hylidae,Dendropsophus_sarayacuensis,still,2990,29
Hylidae,Dendropsophus_sartori,still,3217,26
Hylidae,Dendropsophus_seniculus,still,3969,37.7
Hylidae,Dendropsophus_triangulum,still,2298,28
Hylidae,Duellmanohyla_rufioculis,flowing,2320,30
Hylidae,Exerodonta_melanomma,flowing,2336,29.9
Hylidae,Exerodonta_sumichrasti,flowing,2510,27.7
Hylidae,Hyla_andersonii,still,1100,51
Hylidae,Hyla_arborea,still,2122,50
Hylidae,Hyla_chinensis,still,4000,32
Hylidae,Hyla_chrysoscelis,still,2400,51
Hylidae,Hyla_femoralis,still,2600,37
Hylidae,Hyla_gratiosa,still,1840,68
Hylidae,Hyla_intermedia,still,2388,50
Hylidae,Hyla_meridionalis,still,2750,50
Hylidae,Hyla_molleri,still,2750,45
Hylidae,Hyla_squirella,still,3344,36
Hylidae,Hyla_versicolor,still,2200,51
Hylidae,Hylomantis_granulosa,flowing,1828,45.8
Hylidae,Hylomantis_lemur,still,2396,40.8
Hylidae,Hyloscirtus_armatus,flowing,3600,68.5
Hylidae,Hyloscirtus_colymba,flowing,3520,37
Hylidae,Hyloscirtus_lindae,flowing,1553,68.1
Hylidae,Hyloscirtus_pacha,flowing,1854,60.8
Hylidae,Hyloscirtus_palmeri,flowing,2500,45
Hylidae,Hyloscirtus_pantostictus,flowing,1570,63
Hylidae,Hyloscirtus_phyllognathus,flowing,2588,34
Hylidae,Hyloscirtus_tapichalaca,flowing,1469,63.8
Hylidae,Hypsiboas_albopunctatus,still,2168,60
Hylidae,Hypsiboas_bischoffi,still,1750,46.1
Hylidae,Hypsiboas_cinerascens,still,1390,44
Hylidae,Hypsiboas_ericae,flowing,2700,34
Hylidae,Hypsiboas_fasciatus,still,2530,40.3
Hylidae,Hypsiboas_joaquini,flowing,1700,56.4
Hylidae,Hypsiboas_microderma,flowing,3300,34
Hylidae,Hypsiboas_ornatissimus,still,2855,31
Hylidae,Hypsiboas_pardalis,still,1133,69
Hylidae,Hypsiboas_pellucens,still,800,61.6
Hylidae,Hypsiboas_roraima,flowing,2616,44.9
Hylidae,Hypsiboas_rufitelus,still,1600,49.2
Hylidae,Hypsiboas_semiguttatus,flowing,2450,46.1
Hylidae,Hypsiboas_semilineatus,still,1014,51
Hylidae,Isthmohyla_pseudopuma,still,956,41.4
Hylidae,Isthmohyla_rivularis,flowing,2420,34
Hylidae,Isthmohyla_tica,flowing,2228,34.1
Hylidae,Litoria_gracilenta,still,2750,38
Hylidae,Litoria_impura,still,1240,42
Hylidae,Litoria_inermis,still,3800,33
Hylidae,Litoria_latopalmata,still,2900,39
Hylidae,Litoria_leucova,flowing,4500,35.4
Hylidae,Litoria_pallida,still,1963,34
Hylidae,Litoria_raniformis,still,900,79.9
Hylidae,Litoria_rheocola,flowing,2500,35.5
Hylidae,Litoria_spartacus,flowing,2919,37.5
Hylidae,Litoria_thesaurensis,still,1774,65
Hylidae,Litoria_tornieri,still,2725,33
Hylidae,Litoria_wollastoni,flowing,2950,42.7
Hylidae,Myersiohyla_kanaima,flowing,3600,37.8
Hylidae,Nyctimystes_cheesmani,flowing,1900,40
Hylidae,Osteocephalus_taurinus,still,1501,85
Hylidae,Osteopilus_septentrionalis,still,2300,89
Hylidae,Pachymedusa_dacnicolor,still,1727,82.6
Hylidae,Phyllomedusa_atelopoides,still,1150,37.4
Hylidae,Phyllomedusa_azurea,still,2333,43.46
Hylidae,Phyllomedusa_bahiana,still,960,74.5
Hylidae,Phyllomedusa_bicolor,still,940,103
Hylidae,Phyllomedusa_burmeisteri,still,1500,75.8
Hylidae,Phyllomedusa_camba,still,860,74
Hylidae,Phyllomedusa_centralis,flowing,1451,42
Hylidae,Phyllomedusa_distincta,still,1250,66
Hylidae,Phyllomedusa_duellmani,still,950,54.2
Hylidae,Phyllomedusa_hypochondrialis,still,2047,43.73
Hylidae,Phyllomedusa_megacephala,flowing,1722,43.2
Hylidae,Phyllomedusa_neildi,still,762,63.8
Hylidae,Phyllomedusa_nordestina,still,2076,42.1
Hylidae,Phyllomedusa_palliata,still,1500,43.8
Hylidae,Phyllomedusa_sauvagii,still,2000,89.2
Hylidae,Phyllomedusa_tarsius,still,870,90
Hylidae,Phyllomedusa_tetraploidea,still,1700,63.8
Hylidae,Phyllomedusa_tomopterna,still,1790,54
Hylidae,Phyllomedusa_trinitatis,still,800,81
Hylidae,Plectrohyla_cyclada,flowing,2072,39.5
Hylidae,Pseudacris_brachyphona,still,2394,32
Hylidae,Pseudacris_clarkii,still,3072,29
Hylidae,Pseudacris_feriarum,still,2977,27.3
Hylidae,Pseudacris_fouquettei,still,3138,29.8
Hylidae,Pseudacris_illinoensis,still,2168,43
Hylidae,Pseudacris_kalmi,still,2972,38.1
Hylidae,Pseudacris_nigrita,still,3149,28
Hylidae,Pseudacris_ornata,still,2651,39
Hylidae,Pseudacris_triseriata,still,2776,32
Hylidae,Pseudis_bolbodactyla,still,1937,45
Hylidae,Ptychohyla_euthysanota,flowing,3100,37.3
Hylidae,Ptychohyla_leonhardschultzei,flowing,2750,35.6
Hylidae,Ptychohyla_spinipollex,flowing,4300,41.2
Hylidae,Scinax_berthae,still,4886,22.2
Hylidae,Scinax_boesemani,still,1420,31.1
Hylidae,Scinax_boulengeri,still,1615,48.7
Hylidae,Scinax_crospedospilus,still,1350,33.3
Hylidae,Scinax_cruentommus,still,3300,28
Hylidae,Scinax_fuscovarius,still,855,47.1
Hylidae,Scinax_nasicus,still,1064,37
Hylidae,Scinax_proboscideus,still,2012,39.8
Hylidae,Scinax_rostratus,still,3050,45.7
Hylidae,Scinax_ruber,still,700,41.2
Hylidae,Scinax_staufferi,still,3056,29
Hylidae,Scinax_sugillatus,still,2023,42
Hylidae,Scinax_uruguayus,still,4350,25.8
Hylidae,Scinax_x-signatus,still,1110,42.5
Hylidae,Smilisca_baudinii,still,350,76
Hylidae,Smilisca_fodiens,still,2230,62.6
Hylidae,Smilisca_phaeota,still,372,65.5
Hylidae,Smilisca_puma,still,740,38.1
Hylidae,Smilisca_sordida,flowing,2695,45
Hylidae,Sphaenorhynchus_lacteus,still,2240,41.5
Hylidae,Sphaenorhynchus_orophilus,still,2350,32
Hylidae,Tlalocohyla_loquax,still,2323,44.7
Hylidae,Tlalocohyla_picta,still,2661,21.4
Hylidae,Trachycephalus_coriaceus,still,2090,63
Hylidae,Trachycephalus_mesophaeus,still,1014,85
Hylidae,Trachycephalus_nigromaculatus,still,1990,86
Hylidae,Triprion_petasatus,still,2096,60.8
Hylodidae,Crossodactylus_caramaschii,flowing,5000,25.8
Hylodidae,Crossodactylus_schmidti,flowing,3306,30
Hylodidae,Hylodes_dactylocinus,flowing,2973,27
Hylodidae,Hylodes_meridionalis,flowing,4400,37.5
Hylodidae,Hylodes_perplicatus,flowing,3400,39.8
Hylodidae,Hylodes_phyllodes,flowing,5000,31.4
Hylodidae,Hylodes_sazimai,flowing,4750,28.5
Hyperoliidae,Afrixalus_delicatus,still,4525,22.2
Hyperoliidae,Afrixalus_dorsalis,still,3587,28
Hyperoliidae,Afrixalus_fornasini,still,2450,38
Hyperoliidae,Afrixalus_knysnae,still,3800,25
Hyperoliidae,Afrixalus_laevis,flowing,3000,23
Hyperoliidae,Afrixalus_paradorsalis,still,2864,34
Hyperoliidae,Afrixalus_stuhlmanni,still,4650,21.1
Hyperoliidae,Heterixalus_andrakata,still,3200,29
Hyperoliidae,Heterixalus_betsileo,still,3000,28
Hyperoliidae,Heterixalus_boettgeri,still,2850,25
Hyperoliidae,Heterixalus_carbonei,still,3200,26.4
Hyperoliidae,Heterixalus_luteostriatus,still,3500,28
Hyperoliidae,Heterixalus_madagascariensis,still,3375,35
Hyperoliidae,Heterixalus_tricolor,still,3000,26
Hyperoliidae,Heterixalus_variabilis,still,3500,31
Hyperoliidae,Hyperolius_alticola,flowing,2250,33
Hyperoliidae,Hyperolius_argus,still,2000,34
Hyperoliidae,Hyperolius_baumanni,still,3000,30
Hyperoliidae,Hyperolius_cinnamomeoventris,still,3246,28
Hyperoliidae,Hyperolius_cystocandicans,still,2813,28
Hyperoliidae,Hyperolius_guttulatus,flowing,2000,35
Hyperoliidae,Hyperolius_kivuensis,still,2649,33
Hyperoliidae,Hyperolius_montanus,still,2750,28
Hyperoliidae,Hyperolius_phantasticus,still,2529,37
Hyperoliidae,Hyperolius_picturatus,flowing,3850,31
Hyperoliidae,Hyperolius_puncticulatus,still,2000,33
Hyperoliidae,Hyperolius_pusillus,still,4950,21
Hyperoliidae,Hyperolius_torrentis,flowing,3500,38
Hyperoliidae,Hyperolius_viridiflavus,flowing,4250,30
Hyperoliidae,Kassina_maculata,still,1700,65
Hyperoliidae,Kassina_senegalensis,still,1000,49
Hyperoliidae,Phlyctimantis_verrucosus,still,1600,52
Hyperoliidae,Semnodactylus_wealii,still,2000,44
Leptodactylidae,Edalorhina_perezi,still,2700,30.2
Leptodactylidae,Engystomops_coloradorum,still,1060,24.1
Leptodactylidae,Engystomops_guayaco,still,2114,19.4
Leptodactylidae,Engystomops_pustulatus,still,947,29.9
Leptodactylidae,Engystomops_pustulosus,still,546,34
Leptodactylidae,Engystomops_randi,still,1116,18.56
Leptodactylidae,Eupemphix_nattereri,still,710,42.7
Leptodactylidae,Leptodactylus_bufonius,still,1500,53.6
Leptodactylidae,Leptodactylus_chaquensis,still,365,99.7
Leptodactylidae,Leptodactylus_didymus,still,780,46.7
Leptodactylidae,Leptodactylus_diedrus,still,820,40.4
Leptodactylidae,Leptodactylus_elenae,still,1160,45.2
Leptodactylidae,Leptodactylus_fuscus,still,560,52.1
Leptodactylidae,Leptodactylus_gracilis,still,1970,47.8
Leptodactylidae,Leptodactylus_griseigularis,still,2770,51
Leptodactylidae,Leptodactylus_knudseni,still,500,159
Leptodactylidae,Leptodactylus_labyrinthicus,still,391,170
Leptodactylidae,Leptodactylus_leptodactyloides,still,1200,48
Leptodactylidae,Leptodactylus_longirostris,still,2315,40
Leptodactylidae,Leptodactylus_melanonotus,still,1840,46
Leptodactylidae,Leptodactylus_mystaceus,still,1056,52.2
Leptodactylidae,Leptodactylus_mystacinus,still,2275,65
Leptodactylidae,Leptodactylus_notoaktites,still,1230,50.8
Leptodactylidae,Leptodactylus_ocellatus,still,175,120
Leptodactylidae,Leptodactylus_pentadactylus,still,545,177
Leptodactylidae,Leptodactylus_podicipinus,still,1970,44.7
Leptodactylidae,Leptodactylus_rhodonotus,still,2000,79
Leptodactylidae,Leptodactylus_spixi,still,1634,43
Leptodactylidae,Leptodactylus_vastus,still,430,180.3
Leptodactylidae,Lithodytes_lineatus,still,2600,47
Leptodactylidae,Paratelmatobius_cardosoi,still,2550,17.9
Leptodactylidae,Physalaemus_albonotatus,still,2399,32.4
Leptodactylidae,Physalaemus_barrioi,still,2265,29.45
Leptodactylidae,Physalaemus_biligonigerus,still,568,45
Leptodactylidae,Physalaemus_cuvieri,still,690,25.9
Leptodactylidae,Physalaemus_ephippifer,still,840,28
Leptodactylidae,Physalaemus_signifer,still,1210,25.9
Leptodactylidae,Pleurodema_bibroni,still,1960,38
Leptodactylidae,Pleurodema_brachyops,still,732,49
Limnodynastidae,Neobatrachus_pelobatoides,still,816,39.6
Limnodynastidae,Neobatrachus_pictus,still,1300,55
Limnodynastidae,Neobatrachus_sudelli,still,1509,40
Mantellidae,Aglyptodactylus_laticeps,still,2350,45.4
Mantellidae,Blommersia_blommersae,still,6000,21.3
Mantellidae,Blommersia_domerguei,,,17
Mantellidae,Blommersia_kely,still,4700,15.9
Mantellidae,Blommersia_sarotra,still,4592,16.8
Mantellidae,Boophis_boehmei,flowing,2500,30
Mantellidae,Boophis_goudotii,still,750,70
Mantellidae,Boophis_luteus,flowing,3250,40
Mantellidae,Boophis_marojezensis,flowing,5583,27
Mantellidae,Boophis_rappiodes,flowing,3000,25.1
Mantellidae,Boophis_sibilans,flowing,3300,32.5
Mantellidae,Boophis_vittatus,flowing,7250,25.5
Mantellidae,Boophis_xerophilus,still,2700,38.7
Mantellidae,Guibemantis_tornieri,still,1850,49
Mantellidae,Mantella_viridis,flowing,4350,25
Mantellidae,Mantidactylus_argenteus,flowing,4250,27
Mantellidae,Mantidactylus_charlotteae,flowing,2900,26.2
Mantellidae,Mantidactylus_opiparis,flowing,3150,26.1
Megophyidae,Leptobrachium_gunungense,flowing,1200,65
Megophyidae,Leptobrachium_montanum,flowing,800,62.7
Megophyidae,Leptolalax_arayai,flowing,5588,29.6
Megophyidae,Leptolalax_oshanensis,flowing,4512,30.7
Megophyidae,Leptolalax_pictus,flowing,7000,36
Megophyidae,Megophrys_nasuta,flowing,2250,105
Megophyidae,Oreolalax_omeimontis,flowing,1071,58.4
Megophyidae,Xenophrys_minor,flowing,3456,32
Microhylidae,Calluella_guttulata,still,1950,49
Microhylidae,Chiasmocleis_hudsoni,,,17
Microhylidae,Chiasmocleis_shudikarensis,still,3565,24.5
Microhylidae,Dermatonotus_muelleri,still,1758,62.4
Microhylidae,Elachistocleis_ovalis,still,3838,36
Microhylidae,Gastrophryne_elegans,still,3100,25.8
Microhylidae,Gastrophryne_olivacea,,4420,
Microhylidae,Glyphoglossus_molossus,still,700,77
Microhylidae,Hamptophryne_boliviana,still,2208,35
Microhylidae,Hypopachus_variolosus,still,2750,48
Microhylidae,Kaloula_pulchra,still,2500,70
Microhylidae,Microhyla_butleri,still,2850,26
Microhylidae,Microhyla_pulchra,,,35
Microhylidae,Micryletta_inornata,,5450,30
Microhylidae,Phrynomantis_bifasciatus,still,1800,53
Microhylidae,Phrynomantis_microps,still,1260,47.3
Microhylidae,Scaphiophryne_boribory,still,700,60
Microhylidae,Scaphiophryne_gottlebei,still,950,30
Microhylidae,Scaphiophryne_madagascariensis,still,1000,49
Microhylidae,Scaphiophryne_menabensis,still,850,42
Microhylidae,Scaphiophryne_spinosa,still,800,48
Myobatrachidae,Crinia_riparia,flowing,2735,25.2
Myobatrachidae,Geocrinia_victoriana,still,2676,27
Myobatrachidae,Pseudophryne_bibronii,still,2640,30
Myobatrachidae,Uperoleia_laevigata,still,2260,35
Nyctibatrachidae,Nyctibatrachus_major,flowing,1250,55
Odontophrynidae,Macrogenioglottus_alipioi,still,515,100
Odontophrynidae,Odontophrynus_achalensis,flowing,933,49.4
Odontophrynidae,Odontophrynus_americanus,still,1035,58
Odontophrynidae,Odontophrynus_cultripes,,,60
Odontophrynidae,Odontophrynus_occidentalis,,820,60
Odontophrynidae,Proceratophrys_avelinoi,flowing,1600,29.2
Odontophrynidae,Proceratophrys_bigibbosa,flowing,1050,43.8
Odontophrynidae,Proceratophrys_concavitympanum,flowing,818,57.1
Odontophrynidae,Proceratophrys_cristiceps,flowing,940,50.2
Odontophrynidae,Proceratophrys_cururu,flowing,800,43.1
Odontophrynidae,Proceratophrys_goyana,flowing,1006,46.5
Odontophrynidae,Proceratophrys_melanopogon,flowing,1179,49.9
Pelobatidae,Pelobates_cultripes,,1075,85
Petropedetidae,Petropedetes_yakusini,,,73
Phrynobatrachidae,Phrynobatrachus_acridoides,still,,28
Phrynobatrachidae,Phrynobatrachus_dendrobates,flowing,3800,31
Pipidae,Xenopus_ruwenzoriensis,still,1500,44
Ptychadenidae,Hildebrandtia_ornata,still,1400,650
Ptychadenidae,Ptychadena_anchietae,still,1750,51
Ptychadenidae,Ptychadena_mahnerti,still,3000,42
Ptychadenidae,Ptychadena_oxyrhynchus,still,1715,53
Ptychadenidae,Ptychadena_porosissima,still,4091,44.1
Ptychadenidae,Ptychadena_taenioscelis,still,2450,35
Pyxicephalidae,Cacosternum_boettgeri,still,4500,19
Pyxicephalidae,Cacosternum_capense,still,2300,31.5
Pyxicephalidae,Cacosternum_nanum,still,3600,15
Pyxicephalidae,Microbatrachella_capensis,still,4900,15
Pyxicephalidae,Poyntonia_paludicola,flowing,2200,30
Pyxicephalidae,Pyxicephalus_adspersus,still,225,245
Pyxicephalidae,Pyxicephalus_edulis,still,525,120
Pyxicephalidae,Strongylopus_grayii,still,2300,35
Pyxicephalidae,Tomopterna_cryptotis,still,3450,45
Pyxicephalidae,Tomopterna_delalandii,still,2500,44.8
Pyxicephalidae,Tomopterna_krugerensis,still,2500,44.8
Pyxicephalidae,Tomopterna_tuberculosa,still,2600,40
Ranidae,Amnirana_galamensis,still,2500,78
Ranidae,Amolops_chunganensis,flowing,3425,39
Ranidae,Amolops_larutensis,flowing,5033,30
Ranidae,Amolops_panhai,flowing,6500,34
Ranidae,Amolops_wuyiensis,flowing,2232,47
Ranidae,Huia_cavitympanum,flowing,15966,52
Ranidae,Huia_masonii,flowing,12000,37.8
Ranidae,Hylarana_nicobariensis,still,1825,46.2
Ranidae,Meristogenys_jerboa,flowing,5650,44
Ranidae,Meristogenys_orphnocnemis,flowing,7205,37.3
Ranidae,Odorrana_schmackeri,flowing,3479,46
Ranidae,Odorrana_tormota,flowing,7000,33
Ranidae,Rana_adenopleura,still,650,51
Ranidae,Rana_amamiensis,flowing,2850,69
Ranidae,Rana_baramica,still,2000,55.6
Ranidae,Rana_curtipes,still,1222,51.4
Ranidae,Rana_dalmatina,still,682,59
Ranidae,Rana_erythraea,still,2459,48
Ranidae,Rana_forreri,still,850,90
Ranidae,Rana_glandulosa,still,1380,55
Ranidae,Rana_hosii,flowing,4950,68
Ranidae,Rana_laterimaculata,flowing,3245,39
Ranidae,Rana_lessonae,still,1831,57
Ranidae,Rana_livida,flowing,5250,54
Ranidae,Rana_luctuosa,still,1500,68
Ranidae,Rana_nigromaculata,still,2043,81
Ranidae,Rana_picturata,flowing,2500,54
Ranidae,Rana_plancyi,still,1840,50
Ranidae,Rana_pretiosa,still,1000,75
Ranidae,Rana_septentrionalis,still,605,63.1
Ranidae,Rana_supranarina,flowing,1840,76.8
Ranidae,Rana_taylori,still,1350,78
Ranidae,Rana_temporalis,flowing,3100,55.3
Ranidae,Rana_utsunomiyaorum,flowing,2326,48.1
Ranidae,Staurois_latopalmatus,flowing,5149,47.7
Ranidae,Staurois_natator,flowing,4746,35.5
Ranidae,Staurois_parvus,flowing,5578,23.6
Ranidae,Staurois_tuberilinguis,flowing,5240,30.2
Rhacophoridae,Buergeria_robusta,flowingg,1850,52
Rhacophoridae,Chiromantis_doriae,still,4300,26.5
Rhacophoridae,Chiromantis_rufescens,still,1650,49
Rhacophoridae,Chiromantis_vittatus,still,3900,25.2
Rhacophoridae,Chiromantis_xerampelina,still,1700,75
Rhacophoridae,Ghatixalus_variabilis,flowing,3135,48
Rhacophoridae,Kurixalus_idiootocus,still,2300,24.9
Rhacophoridae,Polypedates_leucomystax,still,1528,63
Rhacophoridae,Polypedates_maculatus,still,1550,57
Rhacophoridae,Rhacophorus_arboreus,still,1400,60
Rhacophoridae,Rhacophorus_chenfui,still,2329,41
Rhacophoridae,Rhacophorus_dennysi,still,1321,96
Rhacophoridae,Rhacophorus_dugritei,still  ,1600,40.8
Rhacophoridae,Rhacophorus_kio,still,890,79.1
Rhacophoridae,Rhacophorus_malabaricus,still,1260,48.3
Rhacophoridae,Rhacophorus_malabaricus,still,1255,49
Rhacophoridae,Rhacophorus_omeimontis,still,972,70
Rhacophoridae,Rhacophorus_reinwardtii,still,1300,52.5
Rhacophoridae,Rhacophorus_schlegelii,still,1900,43
Rhinophrynidae,Rhinophrynus_dorsalis,still,1525,75
Scaphiopodidae,Scaphiopus_couchii,still,1650,72
Scaphiopodidae,Scaphiopus_holbrookii,still,1425,78
Scaphiopodidae,Scaphiopus_hurterii,still,1500,67
Scaphiopodidae,Spea_multiplicata,stilll,1300,49
Scaphiopodidae,Spea_multiplicata,stilll,1301,50
Scaphiopodidae,Spea_multiplicata,stilll,1302,48
Scaphiopodidae,Spea_multiplicata,stilll,1302,48
